"genus","B","Group","Class"
"Unclassified Micrococcales",0.235894179733018,"IT","Intermediate"
"Unclassified Candidatus Cloacimonadota",0.024784024491344,"IT","Specialist"
"Zobellella",0,"IT","Specialist"
"Unclassified Desulfobulbia",0.125896102774981,"IT","Intermediate"
"Spongiibacter",0.0637280814299773,"IT","Specialist"
"Luteibacter",0.118229572298088,"IT","Intermediate"
"Haemophilus",0,"IT","Specialist"
"Unclassified Budviciaceae",0.211297924893807,"IT","Intermediate"
"Planctomycetaceae bacterium (no genus in NCBI)",0.156223084949898,"IT","Intermediate"
"Unclassified Clostridiaceae",0.164861151646344,"IT","Intermediate"
"Unclassified Candidatus Delongbacteria",0.234445182497744,"IT","Intermediate"
"Unclassified Erysipelotrichaceae",0.217182823237263,"IT","Intermediate"
"Unclassified Chitinibacteraceae",0.0766598908847398,"IT","Specialist"
"Pseudovibrio",0.0692305539627955,"IT","Specialist"
"Caldilineaceae bacterium (no genus in NCBI)",0.170401588273116,"IT","Intermediate"
"Unclassified Neisseriales",0.0166365583995823,"IT","Specialist"
"Marinicauda",0.0763502503445119,"IT","Specialist"
"Cognatishimia",0.100319949031547,"IT","Specialist"
"Unclassified Microcystaceae",0.251031412693432,"IT","Intermediate"
"Unclassified Acholeplasmatales",0,"IT","Specialist"
"Methylobacillus",0.301212429191951,"IT","Intermediate"
"Unclassified Victivallales",0.0756263185301911,"IT","Specialist"
"Unclassified Ilumatobacteraceae",0.245683304710599,"IT","Intermediate"
"Unclassified Candidatus Pelagibacterales",0.225409460933961,"IT","Intermediate"
"Unclassified Chitinophagales",0.0604529015701908,"IT","Specialist"
"Gilvibacter",0.209157978707039,"IT","Intermediate"
"Colwellia",0.285573950480282,"IT","Intermediate"
"Unclassified Yersiniaceae",0.0180995475113122,"IT","Specialist"
"Thioalkalivibrio",0.149762066007785,"IT","Intermediate"
"Parvularcula",0.233323328429437,"IT","Intermediate"
"Fusibacter",0.172660786519319,"IT","Intermediate"
"Nitratireductor",0.135133976571385,"IT","Intermediate"
"Picosynechococcus",0.230482937034223,"IT","Intermediate"
"Unclassified Candidatus Saccharibacteria",0.0557379845690916,"IT","Specialist"
"Unclassified Armatimonadota",0.268957966712323,"IT","Intermediate"
"Unclassified Bacteroidaceae",0.0749821084126288,"IT","Specialist"
"Proteus",0.0328145112284183,"IT","Specialist"
"Unclassified Spirochaetaceae",0.146256126965996,"IT","Intermediate"
"Desulfotignum",0.284048163988171,"IT","Intermediate"
"Unclassified Chloroflexaceae",0.0598403917282317,"IT","Specialist"
"Fibrobacter",0.195487232808159,"IT","Intermediate"
"Unclassified Longimicrobiales",0.288664830347258,"IT","Intermediate"
"Unclassified Ignavibacteriales",0.156322461865064,"IT","Intermediate"
"Unclassified Candidatus Aminicenantes",0.0991362729307643,"IT","Specialist"
"Enterovibrio",0.0682551126112547,"IT","Specialist"
"Citrobacter",0.101386114883328,"IT","Specialist"
"Unclassified Aeromonadales",0.0703272356727795,"IT","Specialist"
"Unclassified Desulfovibrionia",0.0557315513850816,"IT","Specialist"
"Holophagales bacterium (no genus in NCBI)",0.32928912274036,"IT","Intermediate"
"Unclassified Pasteurellales",0.0827087103001817,"IT","Specialist"
"Unclassified Candidatus Cloacimonadaceae",0.250791727400679,"IT","Intermediate"
"Cyclobacteriaceae bacterium (no genus in NCBI)",0.137956638745115,"IT","Intermediate"
"Sinorhizobium",0.107086832195416,"IT","Intermediate"
"Shigella",0.358737579805063,"IT","Intermediate"
"Unclassified Nitrosomonadales",0.109728069628351,"IT","Intermediate"
"Bdellovibrionales bacterium (no genus in NCBI)",0.132970698645658,"IT","Intermediate"
"Unclassified Bacillales",0.134503213272013,"IT","Intermediate"
"Unclassified Alcaligenaceae",0.177402945359283,"IT","Intermediate"
"Ruminococcus",0.22410217419085,"IT","Intermediate"
"Bacteroidales bacterium (no genus in NCBI)",0.342166439146629,"IT","Intermediate"
"Deltaproteobacteria bacterium (no genus in NCBI)",0.0486876891175916,"IT","Specialist"
"Unclassified Francisellaceae",0.202857895670339,"IT","Intermediate"
"Leptolyngbyaceae cyanobacterium (no genus in NCBI)",0.0430447371102178,"IT","Specialist"
"Labilibacter",0.296994429915011,"IT","Intermediate"
"Bacteroidia bacterium (no genus in NCBI)",0.437099934175672,"IT","Intermediate"
"Unclassified Oxalobacteraceae",0.209331529533438,"IT","Intermediate"
"Marinobacter",0.189901152974598,"IT","Intermediate"
"Unclassified Verrucomicrobiia",0.147755035995637,"IT","Intermediate"
"Unclassified Geminicoccales",0.0463090053645059,"IT","Specialist"
"Unclassified Enterococcaceae",0.40488263615128,"IT","Intermediate"
"Henriciella",0.188352478323652,"IT","Intermediate"
"Unclassified Geovibrionaceae",0.37829171258469,"IT","Intermediate"
"Desulfobacteraceae bacterium (no genus in NCBI)",0.330384675106414,"IT","Intermediate"
"Unclassified Magnetococcales",0.259185340932106,"IT","Intermediate"
"Unclassified Chromatiaceae",0.024866651074084,"IT","Specialist"
"Unclassified Terriglobia",0.10519825153573,"IT","Intermediate"
"Unclassified Nitrospinota",0.210996881029468,"IT","Intermediate"
"Unclassified Aeromonadaceae",0.113631730822955,"IT","Intermediate"
"Microbulbifer",0.191062677316731,"IT","Intermediate"
"Tritonibacter",0.199682232279731,"IT","Intermediate"
"Pelagibius",0.229453947895987,"IT","Intermediate"
"Methyloceanibacter",0.316295201880917,"IT","Intermediate"
"Halomonas",0.392213909726676,"IT","Intermediate"
"Acidimicrobiia bacterium (no genus in NCBI)",0.128416621225837,"IT","Intermediate"
"Neptuniibacter",0.321309448208923,"IT","Intermediate"
"Unclassified Melioribacteraceae",0.376420351889868,"IT","Intermediate"
"Brucellaceae bacterium (no genus in NCBI)",0.0695337554468576,"IT","Specialist"
"Seonamhaeicola",0.224433204156864,"IT","Intermediate"
"Unclassified Lachnospiraceae",0.179827592075455,"IT","Intermediate"
"Leisingera",0.397986492455214,"IT","Intermediate"
"Agarilytica",0.301906814153074,"IT","Intermediate"
"Puniceibacterium",0.291773372018906,"IT","Intermediate"
"Unclassified Akkermansiaceae",0.360988870807235,"IT","Intermediate"
"Unclassified Acidaminobacteraceae",0.435777976311757,"IT","Intermediate"
"Phocaeicola",0.389111042283641,"IT","Intermediate"
"Porticoccaceae bacterium (no genus in NCBI)",0,"IT","Specialist"
"Unclassified Desulfarculales",0.202915252154921,"IT","Intermediate"
"Candidatus Entotheonella",0.112537283391951,"IT","Intermediate"
"Aeromonas",0,"IT","Specialist"
"Anaplasma",0.181403569366694,"IT","Intermediate"
"Salmonella",0.161449608125197,"IT","Intermediate"
"Unclassified Shewanellaceae",0.226872865534308,"IT","Intermediate"
"Unclassified Sphingomonadales",0.289353131170365,"IT","Intermediate"
"Unclassified Pleioneaceae",0.474439538631428,"IT","Generalist"
"Unclassified Caldilineaceae",0.0181034311900164,"IT","Specialist"
"Virgibacillus",0.283588926170491,"IT","Intermediate"
"Croceitalea",0.261387096191913,"IT","Intermediate"
"Puteibacter",0.502035101418038,"IT","Generalist"
"Unclassified Salinisphaerales",0.242781921887058,"IT","Intermediate"
"Unclassified Syntrophobacteraceae",0.239152501123957,"IT","Intermediate"
"Unclassified Maricaulaceae",0.0751791721503065,"IT","Specialist"
"Eilatimonas",0.245461342177753,"IT","Intermediate"
"Zymobacter",0.235718511134976,"IT","Intermediate"
"Unclassified Sedimentisphaerales",0.240676178964072,"IT","Intermediate"
"Saccharicrinis",0.353955781414139,"IT","Intermediate"
"Unclassified Chitinophagaceae",0.405612396571957,"IT","Intermediate"
"Unclassified Hapalosiphonaceae",0.626760519781232,"IT","Generalist"
"Unclassified Desulfobulbales",0.142169536756751,"IT","Intermediate"
"Unclassified Thiotrichales",0.0686496196452953,"IT","Specialist"
"Pseudomonadales bacterium (no genus in NCBI)",0.307582030937091,"IT","Intermediate"
"Alteromonas",0.402708248315492,"IT","Intermediate"
"Unclassified Candidatus Falkowbacteria",0.0364943426500381,"IT","Specialist"
"Unclassified Blastocatellia",0.405019590153673,"IT","Intermediate"
"Desulfobacula",0.322921423232014,"IT","Intermediate"
"Unclassified Salinisphaeraceae",0.143470916177334,"IT","Intermediate"
"Maribacter",0.286524700723342,"IT","Intermediate"
"Unclassified Phycisphaeraceae",0.292159203339288,"IT","Intermediate"
"Mycobacteroides",0.368558399693443,"IT","Intermediate"
"Unclassified Propionibacteriales",0.343651756893739,"IT","Intermediate"
"Myxococcales bacterium (no genus in NCBI)",0.306807408225672,"IT","Intermediate"
"Geomonas",0.421314129493183,"IT","Intermediate"
"Pontimicrobium",0.320891488310216,"IT","Intermediate"
"Unclassified Planctomycetaceae",0.495893198071477,"IT","Generalist"
"Unclassified Phyllobacteriaceae",0.207506896834151,"IT","Intermediate"
"Rhodospirillaceae bacterium (no genus in NCBI)",0.263673742360536,"IT","Intermediate"
"Acanthopleuribacter",0.503289195026752,"IT","Generalist"
"Saprospiraceae bacterium (no genus in NCBI)",0.174793831795863,"IT","Intermediate"
"Desulfobacter",0.258034961749338,"IT","Intermediate"
"Unclassified Azospirillaceae",0.0786443169839752,"IT","Specialist"
"Unclassified Mycobacteriales",0.433308659919111,"IT","Intermediate"
"Unclassified Ignavibacteriaceae",0.523732002517308,"IT","Generalist"
"Unclassified Brucellaceae",0.0552223762546876,"IT","Specialist"
"Salinisphaera",0.148276780376451,"IT","Intermediate"
"Unclassified Lactobacillales",0.449630677917459,"IT","Intermediate"
"Bacterioplanoides",0.44168683000844,"IT","Intermediate"
"Unclassified Erythrobacteraceae",0.532449164432102,"IT","Generalist"
"Unclassified Dehalococcoidia",0.0405974208273041,"IT","Specialist"
"Unclassified Nitrospirota",0.0540618272607501,"IT","Specialist"
"Unclassified Moraxellales",0.161694961786507,"IT","Intermediate"
"Unclassified Nostocales",0.409326485215705,"IT","Intermediate"
"Rickettsia",0.158513522478823,"IT","Intermediate"
"Unclassified Nannocystaceae",0.753540329700029,"IT","Generalist"
"Unclassified Anaerolineae",0.140042025692892,"IT","Intermediate"
"Unclassified Eubacteriales",0.302349426983189,"IT","Intermediate"
"Phycisphaeraceae bacterium (no genus in NCBI)",0.285770402751849,"IT","Intermediate"
"Unclassified Acidimicrobiales",0.0617901779853323,"IT","Specialist"
"Pseudanabaenales cyanobacterium (no genus in NCBI)",0.347532086074448,"IT","Intermediate"
"Unclassified Halieaceae",0.335215844278319,"IT","Intermediate"
"Kordiimonas",0.205698462507814,"IT","Intermediate"
"Polaribacter",0.457298887891107,"IT","Intermediate"
"Unclassified Bacilli",0.397997838661309,"IT","Intermediate"
"Erythrobacter",0.45128933030997,"IT","Intermediate"
"Unclassified Rhodothermales",0.26761882754164,"IT","Intermediate"
"Microscillaceae bacterium (no genus in NCBI)",0.157479129382406,"IT","Intermediate"
"Unclassified Moraxellaceae",0.192729690595385,"IT","Intermediate"
"Aequorivita",0.77539586476048,"IT","Generalist"
"Spirochaetaceae bacterium (no genus in NCBI)",0.469160497410452,"IT","Generalist"
"Acidaminobacter",0.340117780455017,"IT","Intermediate"
"Candidatus Aquarickettsia",0.510943376277808,"IT","Generalist"
"Parabacteroides",0.288509783800289,"IT","Intermediate"
"Unclassified Epsilonproteobacteria",0.0812032994159751,"IT","Specialist"
"Mesorhizobium",0.294402488906266,"IT","Intermediate"
"Unclassified Opitutia",0.435751229964213,"IT","Intermediate"
"Neiella",0.565072990137949,"IT","Generalist"
"Roseibium",0.330082990303749,"IT","Intermediate"
"Unclassified Vibrionales",0.130848889061514,"IT","Intermediate"
"Unclassified Hyphomonadaceae",0.57177488847953,"IT","Generalist"
"Francisella",0.451681450438441,"IT","Intermediate"
"Unclassified Bacteriovoracales",0.617832485619958,"IT","Generalist"
"Clostridioides",0.286114693970862,"IT","Intermediate"
"Unclassified Amoebophilaceae",0.163506385334817,"IT","Intermediate"
"Roseivirga",0.566784773614135,"IT","Generalist"
"Shewanella",0.144953535916086,"IT","Intermediate"
"Pseudoalteromonas",0.30542797239178,"IT","Intermediate"
"Rhodobacterales bacterium (no genus in NCBI)",0.026614405624594,"IT","Specialist"
"Unclassified Sneathiellales",0.247591501966271,"IT","Intermediate"
"Ralstonia",0.37459539956976,"IT","Intermediate"
"Flavobacteriaceae bacterium (no genus in NCBI)",0.247616219931364,"IT","Intermediate"
"Unclassified Cyclobacteriaceae",0.390046623207664,"IT","Intermediate"
"Xenococcaceae cyanobacterium (no genus in NCBI)",0.633331565722147,"IT","Generalist"
"Aliarcobacter",0.332222878806543,"IT","Intermediate"
"Unclassified Ignavibacteria",0.64066979933395,"IT","Generalist"
"Shimia",0.501139399417671,"IT","Generalist"
"Unclassified Cytophagia",0.51026854823786,"IT","Generalist"
"Unclassified Actinomycetes",0.524557949146342,"IT","Generalist"
"Unclassified Candidatus Sumerlaeota",0.0802930664468851,"IT","Specialist"
"Unclassified Verrucomicrobiales",0.551450968831615,"IT","Generalist"
"Corynebacterium",0.596683715271236,"IT","Generalist"
"Clostridia bacterium (no genus in NCBI)",0.0336096039718763,"IT","Specialist"
"Thalassotalea",0.392270680631947,"IT","Intermediate"
"Azospirillum",0.102952035873873,"IT","Specialist"
"Fulvivirgaceae bacterium (no genus in NCBI)",0.239793071334272,"IT","Intermediate"
"Exilibacterium",0.38082401075996,"IT","Intermediate"
"Unclassified Chlamydiota",0.459179678454298,"IT","Intermediate"
"Unclassified Candidatus Neomarinimicrobiota",0.48976889353664,"IT","Generalist"
"Mesomycoplasma",0.473874067071262,"IT","Generalist"
"Chloroflexota bacterium (no genus in NCBI)",0.00528128665452337,"IT","Specialist"
"Unclassified Lentisphaerota",0.0261717968609444,"IT","Specialist"
"Unclassified Planctomycetales",0.792261999838489,"IT","Generalist"
"Unclassified Pirellulales",0.0350659977526478,"IT","Specialist"
"Unclassified Tissierellales",0.663984624545473,"IT","Generalist"
"Achromobacter",0.61219126688055,"IT","Generalist"
"Unclassified Saprospiria",0.0270874660811637,"IT","Specialist"
"Unclassified Acidimicrobiia",0.151601209834365,"IT","Intermediate"
"Ideonella",0.772461067822901,"IT","Generalist"
"Staphylococcus",0.400912522234869,"IT","Intermediate"
"Candidatus Thiodiazotropha",0.147241079433884,"IT","Intermediate"
"Streptomyces",0.357483791389375,"IT","Intermediate"
"Bacteroides",0.398051032592572,"IT","Intermediate"
"Unclassified Lentisphaeria",0.00490674040379295,"IT","Specialist"
"Unclassified Myxococcales",0.701787694823042,"IT","Generalist"
"Unclassified Cellvibrionales",0.672124923067216,"IT","Generalist"
"Unclassified Planctomycetia",0.641643811470091,"IT","Generalist"
"Unclassified Pseudanabaenales",0.532862810886948,"IT","Generalist"
"Unclassified Sedimenticolaceae",0.0709688322752492,"IT","Specialist"
"Roseospira",0.63882222576411,"IT","Generalist"
"Unclassified Hahellaceae",0.452030309913003,"IT","Intermediate"
"Silicimonas",0.0151708490994512,"IT","Specialist"
"Winogradskyella",0.516138347819953,"IT","Generalist"
"Prosthecochloris",0.0818609151873212,"IT","Specialist"
"Pseudodesulfovibrio",0.696912079695193,"IT","Generalist"
"Unclassified Bdellovibrionota",0.507935969083511,"IT","Generalist"
"Unclassified Marinilabiliaceae",0.445925844864115,"IT","Intermediate"
"Halodesulfovibrio",0.358935848634908,"IT","Intermediate"
"Unclassified Acidimicrobiaceae",0.017000004592146,"IT","Specialist"
"Unclassified Chloroflexales",0.343611760711492,"IT","Intermediate"
"Unclassified Desulfobacteria",0.0134897727522041,"IT","Specialist"
"Croceivirga",0.781895189206251,"IT","Generalist"
"Unclassified Campylobacterota",0.285255887277537,"IT","Intermediate"
"Unclassified Myxococcota",0.643877721492292,"IT","Generalist"
"Cellvibrionaceae bacterium (no genus in NCBI)",0.222837731008557,"IT","Intermediate"
"Minwuiales bacterium (no genus in NCBI)",0.0824876065787787,"IT","Specialist"
"Unclassified Microscillaceae",0.436298009585941,"IT","Intermediate"
"Unclassified Rhizobiaceae",0.764623918472061,"IT","Generalist"
"Oenococcus",0.695671960792566,"IT","Generalist"
"Pseudomonas",0.618458435954067,"IT","Generalist"
"Paracoccus",0.500527612293637,"IT","Generalist"
"Unclassified Desulfovibrionaceae",0.831342973448094,"IT","Generalist"
"Carboxylicivirga",0.617067908116509,"IT","Generalist"
"Unclassified Colwelliaceae",0.606144996320432,"IT","Generalist"
"Unclassified Burkholderiales",0.580587885977608,"IT","Generalist"
"Thiotrichaceae bacterium (no genus in NCBI)",0.619919908782461,"IT","Generalist"
"Unclassified Chroococcales",0.266063856061464,"IT","Intermediate"
"Unclassified Porticoccaceae",0.523311843816296,"IT","Generalist"
"Unclassified Ignavibacteriota",0.733045606925341,"IT","Generalist"
"Unclassified Cytophagales",0.575488179258563,"IT","Generalist"
"Kistimonas",0.372929292286441,"IT","Intermediate"
"Kiloniellales bacterium (no genus in NCBI)",0.297215816546462,"IT","Intermediate"
"Unclassified Desulfobacteraceae",0.19280656504433,"IT","Intermediate"
"Chloroflexales bacterium (no genus in NCBI)",0.565706799001837,"IT","Generalist"
"Cytophagales bacterium (no genus in NCBI)",0.695200806896967,"IT","Generalist"
"Unclassified Mycoplasmatota",0.0742031990454367,"IT","Specialist"
"Alphaproteobacteria bacterium (no genus in NCBI)",0.0434979695069134,"IT","Specialist"
"Desulfobacterales bacterium (no genus in NCBI)",0.820261182514628,"IT","Generalist"
"Ferrimonas",0.807273696492755,"IT","Generalist"
"Gammaproteobacteria bacterium (no genus in NCBI)",0.537398334609786,"IT","Generalist"
"Unclassified Woeseiaceae",0.0215755516725826,"IT","Specialist"
"Unclassified Bacteroidales",0.609448932444291,"IT","Generalist"
"Unclassified Deltaproteobacteria",0.852416383698586,"IT","Generalist"
"Unclassified Alteromonadales",0.0735090660775556,"IT","Specialist"
"Unclassified Verrucomicrobiota",0.776231898272082,"IT","Generalist"
"Unclassified Cyanobacteriota",0.590954025026047,"IT","Generalist"
"Nitrospira",0.00794220503682834,"IT","Specialist"
"Unclassified Alteromonadaceae",0.82826939299188,"IT","Generalist"
"Unclassified Chlorobiaceae",0.0592366225329746,"IT","Specialist"
"Unclassified Rhodospirillaceae",0.0903202658920135,"IT","Specialist"
"Woeseiaceae bacterium (no genus in NCBI)",0.00840568362254576,"IT","Specialist"
"Unclassified Rickettsiaceae",0.238763349855856,"IT","Intermediate"
"Unclassified Cellvibrionaceae",0.565830503408368,"IT","Generalist"
"Escherichia",0.618229075332359,"IT","Generalist"
"Unclassified Betaproteobacteria",0.852142349741935,"IT","Generalist"
"Unclassified Chlamydiia",0.081998493237975,"IT","Specialist"
"Unclassified Prolixibacteraceae",0.186581269858102,"IT","Intermediate"
"Acinetobacter",0.151900657653706,"IT","Intermediate"
"Photobacterium",0.0866792502609832,"IT","Specialist"
"Unclassified Thermoanaerobaculia",0.255885781666771,"IT","Intermediate"
"Hoeflea",0.487686997208893,"IT","Generalist"
"Unclassified Saprospiraceae",0.235924577609667,"IT","Intermediate"
"Gemmatimonadota bacterium (no genus in NCBI)",0.0194607716269346,"IT","Specialist"
"Unclassified Enterobacterales",0.619784637963806,"IT","Generalist"
"Unclassified Rickettsiales",0.60697774797094,"IT","Generalist"
"Unclassified Paracoccaceae",0.0604635440218094,"IT","Specialist"
"Unclassified Actinomycetota",0.843980144374159,"IT","Generalist"
"Unclassified Chromatiales",0.0113565905167889,"IT","Specialist"
"Unclassified Gemmatimonadota",0.725709927566058,"IT","Generalist"
"Candidatus Omnitrophota bacterium (no genus in NCBI)",0.0278504187658463,"IT","Specialist"
"Unclassified Saprospirales",0.0157923838987334,"IT","Specialist"
"Unclassified Thermodesulfobacteriota",0.252795956537186,"IT","Intermediate"
"Unclassified Vibrionaceae",0.411578190937172,"IT","Intermediate"
"Unclassified Oceanospirillaceae",0.506725749054208,"IT","Generalist"
"Sessilibacter",0.556235119545657,"IT","Generalist"
"Acidimicrobiaceae bacterium (no genus in NCBI)",0.015977117435815,"IT","Specialist"
"Unclassified Enterobacteriaceae",0.584789921844004,"IT","Generalist"
"Unclassified Cyanophyceae",0.405064097560473,"IT","Intermediate"
"Unclassified Pseudomonadaceae",0.63382421300457,"IT","Generalist"
"Unclassified Phycisphaerae",0.835446731839879,"IT","Generalist"
"Klebsiella",0.748179812537674,"IT","Generalist"
"Unclassified Flavobacteriia",0.808373456079275,"IT","Generalist"
"Unclassified Campylobacterales",0.272319967585612,"IT","Intermediate"
"Unclassified Marinilabiliales",0.711816271481867,"IT","Generalist"
"Unclassified Marinifilaceae",0.692558332156418,"IT","Generalist"
"Streptococcus",0.663998976009775,"IT","Generalist"
"Unclassified Stappiaceae",0.750883380728544,"IT","Generalist"
"Acidobacteriota bacterium (no genus in NCBI)",0.267151895960118,"IT","Intermediate"
"Unclassified Bacillota",0.423117869295221,"IT","Intermediate"
"Parendozoicomonas",0.779312275517968,"IT","Generalist"
"Unclassified Spirochaetia",0.657912298826228,"IT","Generalist"
"Unclassified Chlorobiales",0.121729019536221,"IT","Intermediate"
"Unclassified Candidatus Poribacteria",0.0339949093655529,"IT","Specialist"
"Unclassified Desulfobulbaceae",0.827924892530681,"IT","Generalist"
"Candidatus Poribacteria bacterium (no genus in NCBI)",0.00391706518717032,"IT","Specialist"
"Ruegeria",0.384763462297354,"IT","Intermediate"
"Allomuricauda",0.137494556413857,"IT","Intermediate"
"Unclassified Roseobacteraceae",0.849679631243664,"IT","Generalist"
"Unclassified Planctomycetota",0.800362944177578,"IT","Generalist"
"Sansalvadorimonas",0.672661020530964,"IT","Generalist"
"Unclassified Chloroflexota",0.566571651554438,"IT","Generalist"
"Unclassified Spirochaetota",0.735290862089921,"IT","Generalist"
"Unclassified Thiotrichaceae",0.770791420449158,"IT","Generalist"
"Unclassified Flavobacteriales",0.866833947774819,"IT","Generalist"
"Chlorobiales bacterium (no genus in NCBI)",0.0698450697312006,"IT","Specialist"
"Unclassified Bacteroidia",0.87373604075041,"IT","Generalist"
"Marinifilum",0.783315455018515,"IT","Generalist"
"Unclassified Pseudomonadales",0.761878255545124,"IT","Generalist"
"Unclassified Pseudanabaenaceae",0.851506672109037,"IT","Generalist"
"Unclassified Schleiferiaceae",0.795026654116456,"IT","Generalist"
"Pseudomonadota bacterium (no genus in NCBI)",0.197107980775669,"IT","Intermediate"
"Amphritea",0.582476693131214,"IT","Generalist"
"Unclassified Desulfobacterales",0.84299234084147,"IT","Generalist"
"Unclassified Rhodospirillales",0.107737099149537,"IT","Intermediate"
"Chlamydia",0.559651001632044,"IT","Generalist"
"Unclassified Arcobacteraceae",0.0626223304927906,"IT","Specialist"
"Unclassified Rhodobacterales",0.608213527254309,"IT","Generalist"
"Vibrio",0.111201014045234,"IT","Intermediate"
"Unclassified Acidobacteriota",0.306480151862157,"IT","Intermediate"
"Unclassified Candidatus Omnitrophota",0.0220815596799918,"IT","Specialist"
"Unclassified Flavobacteriaceae",0.560759979215907,"IT","Generalist"
"Unclassified Clostridia",0.845423813235887,"IT","Generalist"
"Unclassified Desulfovibrionales",0.7593566094192,"IT","Generalist"
"Enterobacter",0.70102128756909,"IT","Generalist"
"Unclassified Bacteroidota",0.319475238924096,"IT","Intermediate"
"Desulfovibrionales bacterium (no genus in NCBI)",0.747664550561912,"IT","Generalist"
"Unclassified Endozoicomonadaceae",0.656609410847208,"IT","Generalist"
"Endozoicomonas",0.72066884963325,"IT","Generalist"
"Prolixibacteraceae bacterium (no genus in NCBI)",0.653411892889654,"IT","Generalist"
"Unclassified Cohaesibacteraceae",0.866073744260634,"IT","Generalist"
"Phycisphaerales bacterium (no genus in NCBI)",0.849116450348259,"IT","Generalist"
"Unclassified Hyphomicrobiales",0.947745123292169,"IT","Generalist"
"Unclassified Phycisphaerales",0.849846582195908,"IT","Generalist"
"Unclassified Alphaproteobacteria",0.401004885746643,"IT","Intermediate"
"Lutimaribacter",0.864769753096776,"IT","Generalist"
"Spirochaetales bacterium (no genus in NCBI)",0.806984083691028,"IT","Generalist"
"Cohaesibacter",0.862048303294184,"IT","Generalist"
"Unclassified Spirochaetales",0.84191819149223,"IT","Generalist"
"Unclassified Pseudomonadota",0.716832283848287,"IT","Generalist"
"Unclassified Oceanospirillales",0.703468959650505,"IT","Generalist"
"Unclassified Gammaproteobacteria",0.848806594848317,"IT","Generalist"
"Unclassified Bacteria",0.965697356256431,"IT","Generalist"
"Methylobacter",0.334116643295429,"ST","Intermediate"
"Unclassified Micrococcales",0.0851045783139557,"ST","Specialist"
"Unclassified Candidatus Cloacimonadota",0.164529889920538,"ST","Intermediate"
"Zobellella",0.370626254555575,"ST","Intermediate"
"Unclassified Desulfobulbia",0.129692013204038,"ST","Intermediate"
"Spongiibacter",0.13206295227133,"ST","Intermediate"
"Luteibacter",0.0904401468760764,"ST","Specialist"
"Haemophilus",0.316642201249153,"ST","Intermediate"
"Unclassified Budviciaceae",0.0865291175971071,"ST","Specialist"
"Planctomycetaceae bacterium (no genus in NCBI)",0.0374855414135131,"ST","Specialist"
"Unclassified Erwiniaceae",0.386055416411987,"ST","Intermediate"
"Unclassified Clostridiaceae",0.0961820027856686,"ST","Specialist"
"Unclassified Candidatus Delongbacteria",0.0619069084769401,"ST","Specialist"
"Unclassified Erysipelotrichaceae",0.0803925346131579,"ST","Specialist"
"Unclassified Chitinibacteraceae",0.346369074097465,"ST","Intermediate"
"Pseudovibrio",0.228016355637864,"ST","Intermediate"
"Caldilineaceae bacterium (no genus in NCBI)",0.0673107943237191,"ST","Specialist"
"Unclassified Neisseriales",0.165750307286775,"ST","Intermediate"
"Marinicauda",0.148810096915773,"ST","Intermediate"
"Cognatishimia",0.0955508307054102,"ST","Specialist"
"Unclassified Microcystaceae",0.0651439796130769,"ST","Specialist"
"Unclassified Acholeplasmatales",0.0904010460403323,"ST","Specialist"
"Methylobacillus",0,"ST","Specialist"
"Unclassified Victivallales",0.161871459921199,"ST","Intermediate"
"Unclassified Ilumatobacteraceae",0.0773618739297249,"ST","Specialist"
"Unclassified Candidatus Pelagibacterales",0.0929285997934601,"ST","Specialist"
"Unclassified Chitinophagales",0.234256050091143,"ST","Intermediate"
"Gilvibacter",0.244123000644028,"ST","Intermediate"
"Colwellia",0.0905995509225293,"ST","Specialist"
"Unclassified Yersiniaceae",0.433045198161104,"ST","Intermediate"
"Thioalkalivibrio",0.0633655548093388,"ST","Specialist"
"Parvularcula",0.0464389785117902,"ST","Specialist"
"Fusibacter",0.0922301929238787,"ST","Specialist"
"Nitratireductor",0.059972533401705,"ST","Specialist"
"Picosynechococcus",0.067622476804907,"ST","Specialist"
"Unclassified Candidatus Saccharibacteria",0.16347221655449,"ST","Intermediate"
"Unclassified Bacteroidaceae",0.181535761451358,"ST","Intermediate"
"Proteus",0.422291462078674,"ST","Intermediate"
"Unclassified Spirochaetaceae",0.1902828874713,"ST","Intermediate"
"Desulfotignum",0.269955350223447,"ST","Intermediate"
"Unclassified Chloroflexaceae",0.190751640470798,"ST","Intermediate"
"Fibrobacter",0.0426504792830662,"ST","Specialist"
"Unclassified Longimicrobiales",0,"ST","Specialist"
"Unclassified Ignavibacteriales",0.159507658505437,"ST","Intermediate"
"Unclassified Candidatus Aminicenantes",0.0582169200365859,"ST","Specialist"
"Enterovibrio",0.29232190554028,"ST","Intermediate"
"Citrobacter",0.0231492028413793,"ST","Specialist"
"Unclassified Aeromonadales",0.0412793684211894,"ST","Specialist"
"Unclassified Desulfovibrionia",0.373687732705544,"ST","Intermediate"
"Unclassified Pasteurellales",0.257273152462295,"ST","Intermediate"
"Unclassified Candidatus Cloacimonadaceae",0.0281036466111692,"ST","Specialist"
"Cyclobacteriaceae bacterium (no genus in NCBI)",0.0514643204068967,"ST","Specialist"
"Sinorhizobium",0.065119222510085,"ST","Specialist"
"Unclassified Nitrosomonadales",0.296255178490672,"ST","Intermediate"
"Bdellovibrionales bacterium (no genus in NCBI)",0.153878979902388,"ST","Intermediate"
"Unclassified Bacillales",0.0753577218218575,"ST","Specialist"
"Unclassified Alcaligenaceae",0.129844520749379,"ST","Intermediate"
"Ruminococcus",0.0289918734900066,"ST","Specialist"
"Bacteroidales bacterium (no genus in NCBI)",0.176206159159312,"ST","Intermediate"
"Deltaproteobacteria bacterium (no genus in NCBI)",0.284662991169379,"ST","Intermediate"
"Unclassified Francisellaceae",0.249291058178386,"ST","Intermediate"
"Leptolyngbyaceae cyanobacterium (no genus in NCBI)",0.137700615222652,"ST","Intermediate"
"Labilibacter",0.209534905253797,"ST","Intermediate"
"Bacteroidia bacterium (no genus in NCBI)",0,"ST","Specialist"
"Unclassified Oxalobacteraceae",0.204851210176119,"ST","Intermediate"
"Marinobacter",0.099805692428155,"ST","Specialist"
"Unclassified Verrucomicrobiia",0.278913907467698,"ST","Intermediate"
"Unclassified Geminicoccales",0.285935919467046,"ST","Intermediate"
"Henriciella",0.258619842141621,"ST","Intermediate"
"Unclassified Geovibrionaceae",0.0726044531085736,"ST","Specialist"
"Desulfobacteraceae bacterium (no genus in NCBI)",0.3751576959452,"ST","Intermediate"
"Unclassified Magnetococcales",0.229918316356968,"ST","Intermediate"
"Unclassified Chromatiaceae",0.0487657064722976,"ST","Specialist"
"Unclassified Terriglobia",0.157667690367318,"ST","Intermediate"
"Unclassified Nitrospinota",0.0888940552921932,"ST","Specialist"
"Unclassified Aeromonadaceae",0.0544252249325737,"ST","Specialist"
"Microbulbifer",0.46097014582983,"ST","Intermediate"
"Tritonibacter",0.225087494570482,"ST","Intermediate"
"Pelagibius",0.0414976373801171,"ST","Specialist"
"Methyloceanibacter",0.0979571063877512,"ST","Specialist"
"Halomonas",0.278212794079077,"ST","Intermediate"
"Acidimicrobiia bacterium (no genus in NCBI)",0.145628361275214,"ST","Intermediate"
"Neptuniibacter",0.181124092357399,"ST","Intermediate"
"Unclassified Melioribacteraceae",0.165436478327769,"ST","Intermediate"
"Brucellaceae bacterium (no genus in NCBI)",0.0617814643139421,"ST","Specialist"
"Seonamhaeicola",0.050801766285893,"ST","Specialist"
"Unclassified Lachnospiraceae",0.143013767564595,"ST","Intermediate"
"Leisingera",0.0509510427468939,"ST","Specialist"
"Agarilytica",0.178857267971004,"ST","Intermediate"
"Puniceibacterium",0.253537058734234,"ST","Intermediate"
"Unclassified Akkermansiaceae",0,"ST","Specialist"
"Unclassified Acidaminobacteraceae",0.263898843209232,"ST","Intermediate"
"Phocaeicola",0.167955261115891,"ST","Intermediate"
"Porticoccaceae bacterium (no genus in NCBI)",0.218423560077743,"ST","Intermediate"
"Unclassified Desulfarculales",0.398383696954648,"ST","Intermediate"
"Candidatus Entotheonella",0.355713458585181,"ST","Intermediate"
"Aeromonas",0.459806671788655,"ST","Intermediate"
"Anaplasma",0.271051564021345,"ST","Intermediate"
"Salmonella",0.0520648847274783,"ST","Specialist"
"Unclassified Shewanellaceae",0.505189945859551,"ST","Generalist"
"Unclassified Sphingomonadales",0.137444441546026,"ST","Intermediate"
"Unclassified Pleioneaceae",0,"ST","Specialist"
"Unclassified Caldilineaceae",0.454224793170085,"ST","Intermediate"
"Virgibacillus",0.0488239892023986,"ST","Specialist"
"Croceitalea",0.132717150898256,"ST","Intermediate"
"Puteibacter",0.124720927705337,"ST","Intermediate"
"Unclassified Salinisphaerales",0.468698810481176,"ST","Generalist"
"Unclassified Syntrophobacteraceae",0.245561652225325,"ST","Intermediate"
"Unclassified Maricaulaceae",0.059260287792522,"ST","Specialist"
"Eilatimonas",0.00600066770522491,"ST","Specialist"
"Zymobacter",0.215344851543517,"ST","Intermediate"
"Unclassified Sedimentisphaerales",0.127857614376299,"ST","Intermediate"
"Saccharicrinis",0.330792038887184,"ST","Intermediate"
"Unclassified Chitinophagaceae",0.112265360910153,"ST","Intermediate"
"Unclassified Hapalosiphonaceae",0.0617615421308791,"ST","Specialist"
"Unclassified Desulfobulbales",0.00634781976732274,"ST","Specialist"
"Unclassified Thiotrichales",0.323978157479475,"ST","Intermediate"
"Pseudomonadales bacterium (no genus in NCBI)",0.103675473719256,"ST","Specialist"
"Alteromonas",0.0503919086661233,"ST","Specialist"
"Unclassified Candidatus Falkowbacteria",0.125592776524706,"ST","Intermediate"
"Unclassified Blastocatellia",0.0243023506332989,"ST","Specialist"
"Desulfobacula",0.230571165967138,"ST","Intermediate"
"Unclassified Salinisphaeraceae",0.369661681304321,"ST","Intermediate"
"Unclassified Phycisphaeraceae",0.278518628690698,"ST","Intermediate"
"Mycobacteroides",0.378816692381889,"ST","Intermediate"
"Unclassified Propionibacteriales",0.158412700885876,"ST","Intermediate"
"Myxococcales bacterium (no genus in NCBI)",0.127960961201503,"ST","Intermediate"
"Geomonas",0.119231639937271,"ST","Intermediate"
"Pontimicrobium",0.028686255843296,"ST","Specialist"
"Unclassified Planctomycetaceae",0.0743463510003832,"ST","Specialist"
"Unclassified Phyllobacteriaceae",0.14449069650066,"ST","Intermediate"
"Rhodospirillaceae bacterium (no genus in NCBI)",0.0569552792543025,"ST","Specialist"
"Acanthopleuribacter",0.0336115602977464,"ST","Specialist"
"Saprospiraceae bacterium (no genus in NCBI)",0.112558172985486,"ST","Intermediate"
"Desulfobacter",0.360039417887904,"ST","Intermediate"
"Unclassified Azospirillaceae",0.0397974895281013,"ST","Specialist"
"Unclassified Mycobacteriales",0.0407957515667285,"ST","Specialist"
"Unclassified Ignavibacteriaceae",0.188756233875784,"ST","Intermediate"
"Unclassified Brucellaceae",0.11634620132006,"ST","Intermediate"
"Salinisphaera",0.581221877265755,"ST","Generalist"
"Unclassified Lactobacillales",0.000170497248302491,"ST","Specialist"
"Bacterioplanoides",0.326957115252211,"ST","Intermediate"
"Unclassified Erythrobacteraceae",0.182905080144963,"ST","Intermediate"
"Unclassified Dehalococcoidia",0.226600382962403,"ST","Intermediate"
"Unclassified Nitrospirota",0.028534044668939,"ST","Specialist"
"Unclassified Moraxellales",0,"ST","Specialist"
"Unclassified Nostocales",0.230559089083964,"ST","Intermediate"
"Rickettsia",0.00574749803453559,"ST","Specialist"
"Unclassified Nannocystaceae",0.0806723097674499,"ST","Specialist"
"Unclassified Anaerolineae",0.0153276249309203,"ST","Specialist"
"Unclassified Eubacteriales",0.23853637702694,"ST","Intermediate"
"Phycisphaeraceae bacterium (no genus in NCBI)",0.231252770800777,"ST","Intermediate"
"Unclassified Acidimicrobiales",0,"ST","Specialist"
"Pseudanabaenales cyanobacterium (no genus in NCBI)",0.234594498456644,"ST","Intermediate"
"Unclassified Halieaceae",0.401665289650367,"ST","Intermediate"
"Kordiimonas",0.270056738327382,"ST","Intermediate"
"Polaribacter",0.291073298127675,"ST","Intermediate"
"Unclassified Bacilli",0.0161542359937621,"ST","Specialist"
"Erythrobacter",0.232101807761027,"ST","Intermediate"
"Unclassified Rhodothermales",0.0947428132902125,"ST","Specialist"
"Microscillaceae bacterium (no genus in NCBI)",0.201964593474758,"ST","Intermediate"
"Unclassified Moraxellaceae",0.21574951922472,"ST","Intermediate"
"Aequorivita",0.107039409284086,"ST","Intermediate"
"Spirochaetaceae bacterium (no genus in NCBI)",0.10749486956681,"ST","Intermediate"
"Acidaminobacter",0.485794300670126,"ST","Generalist"
"Candidatus Aquarickettsia",0.0987277791352559,"ST","Specialist"
"Parabacteroides",0,"ST","Specialist"
"Unclassified Epsilonproteobacteria",0.0421391209215774,"ST","Specialist"
"Mesorhizobium",0.223126098260562,"ST","Intermediate"
"Unclassified Opitutia",0.193005405182942,"ST","Intermediate"
"Neiella",0.190321377209288,"ST","Intermediate"
"Roseibium",0.0531976107190833,"ST","Specialist"
"Unclassified Vibrionales",0.663574061500784,"ST","Generalist"
"Unclassified Hyphomonadaceae",0.341157782014475,"ST","Intermediate"
"Francisella",0.379107282837871,"ST","Intermediate"
"Unclassified Bacteriovoracales",0.214350130864968,"ST","Intermediate"
"Clostridioides",0.0623313422990949,"ST","Specialist"
"Unclassified Amoebophilaceae",0.042855346193717,"ST","Specialist"
"Roseivirga",0.0824240148307555,"ST","Specialist"
"Shewanella",0.588007447689263,"ST","Generalist"
"Pseudoalteromonas",0.438760449948761,"ST","Intermediate"
"Rhodobacterales bacterium (no genus in NCBI)",0.115622974221739,"ST","Intermediate"
"Unclassified Sneathiellales",0.429390109093234,"ST","Intermediate"
"Ralstonia",0.00857696305411188,"ST","Specialist"
"Flavobacteriaceae bacterium (no genus in NCBI)",0.100102471788566,"ST","Specialist"
"Unclassified Cyclobacteriaceae",0.214202253803548,"ST","Intermediate"
"Xenococcaceae cyanobacterium (no genus in NCBI)",0.0430705163822091,"ST","Specialist"
"Aliarcobacter",0.360309187563289,"ST","Intermediate"
"Unclassified Ignavibacteria",0.218781915011966,"ST","Intermediate"
"Shimia",0.385974003148756,"ST","Intermediate"
"Unclassified Cytophagia",0.310312339286901,"ST","Intermediate"
"Unclassified Actinomycetes",0.524730058287749,"ST","Generalist"
"Unclassified Candidatus Sumerlaeota",0.0264788123521784,"ST","Specialist"
"Unclassified Verrucomicrobiales",0.14534897118836,"ST","Intermediate"
"Corynebacterium",0.110888870477038,"ST","Intermediate"
"Clostridia bacterium (no genus in NCBI)",0.187171305243632,"ST","Intermediate"
"Thalassotalea",0.445349548684612,"ST","Intermediate"
"Azospirillum",0.0623783838039742,"ST","Specialist"
"Fulvivirgaceae bacterium (no genus in NCBI)",0.17350411884289,"ST","Intermediate"
"Exilibacterium",0.154276424387285,"ST","Intermediate"
"Unclassified Chlamydiota",0.281228270881916,"ST","Intermediate"
"Unclassified Candidatus Neomarinimicrobiota",0.148638514171064,"ST","Intermediate"
"Chloroflexota bacterium (no genus in NCBI)",0.0647344119629699,"ST","Specialist"
"Unclassified Lentisphaerota",0.298669329622632,"ST","Intermediate"
"Unclassified Planctomycetales",0.0951109022397614,"ST","Specialist"
"Unclassified Pirellulales",0.125321148726251,"ST","Intermediate"
"Unclassified Tissierellales",0.0100593729642228,"ST","Specialist"
"Achromobacter",0.461697186192281,"ST","Intermediate"
"Unclassified Saprospiria",0.150780845507112,"ST","Intermediate"
"Unclassified Acidimicrobiia",0.357719300427386,"ST","Intermediate"
"Ideonella",0.0634752389600281,"ST","Specialist"
"Staphylococcus",0.00151080235103075,"ST","Specialist"
"Candidatus Thiodiazotropha",0.066526788802892,"ST","Specialist"
"Streptomyces",0.194242377021416,"ST","Intermediate"
"Bacteroides",0.458119392248406,"ST","Intermediate"
"Unclassified Lentisphaeria",0.0546848286336826,"ST","Specialist"
"Unclassified Myxococcales",0.150951001943005,"ST","Intermediate"
"Unclassified Cellvibrionales",0.0643032490816824,"ST","Specialist"
"Unclassified Planctomycetia",0.352698299618948,"ST","Intermediate"
"Unclassified Pseudanabaenales",0.303402779425553,"ST","Intermediate"
"Unclassified Sedimenticolaceae",0.109296369966269,"ST","Intermediate"
"Roseospira",0.281250603933035,"ST","Intermediate"
"Unclassified Hahellaceae",0.541790045233928,"ST","Generalist"
"Silicimonas",0.0912790058635363,"ST","Specialist"
"Winogradskyella",0.128092177708714,"ST","Intermediate"
"Prosthecochloris",0.0981119560691037,"ST","Specialist"
"Pseudodesulfovibrio",0.318674755568336,"ST","Intermediate"
"Unclassified Bdellovibrionota",0.113919004054439,"ST","Intermediate"
"Unclassified Marinilabiliaceae",0.207503667472003,"ST","Intermediate"
"Halodesulfovibrio",0.213900020195981,"ST","Intermediate"
"Unclassified Acidimicrobiaceae",0.0947487772386877,"ST","Specialist"
"Unclassified Chloroflexales",0.0553158987583358,"ST","Specialist"
"Unclassified Desulfobacteria",0.280392035064302,"ST","Intermediate"
"Unclassified Campylobacterota",0.488158006860571,"ST","Generalist"
"Unclassified Myxococcota",0.262240030067028,"ST","Intermediate"
"Cellvibrionaceae bacterium (no genus in NCBI)",0.256256877480491,"ST","Intermediate"
"Minwuiales bacterium (no genus in NCBI)",0.341310678663433,"ST","Intermediate"
"Unclassified Microscillaceae",0.526153054700759,"ST","Generalist"
"Unclassified Rhizobiaceae",0.137755724556352,"ST","Intermediate"
"Oenococcus",0.238096402325314,"ST","Intermediate"
"Pseudomonas",0.581819084708545,"ST","Generalist"
"Paracoccus",0,"ST","Specialist"
"Unclassified Desulfovibrionaceae",0.377472668524682,"ST","Intermediate"
"Carboxylicivirga",0.421727041264627,"ST","Intermediate"
"Unclassified Colwelliaceae",0.463492592360332,"ST","Generalist"
"Unclassified Burkholderiales",0.0567388809115493,"ST","Specialist"
"Thiotrichaceae bacterium (no genus in NCBI)",0.442091545708074,"ST","Intermediate"
"Unclassified Chroococcales",0.156453632258219,"ST","Intermediate"
"Unclassified Porticoccaceae",0.0339064738034172,"ST","Specialist"
"Unclassified Ignavibacteriota",0.341233044776572,"ST","Intermediate"
"Unclassified Cytophagales",0.468701615941676,"ST","Generalist"
"Kistimonas",0.689102812363765,"ST","Generalist"
"Kiloniellales bacterium (no genus in NCBI)",0.147130529030063,"ST","Intermediate"
"Unclassified Desulfobacteraceae",0.575771766754005,"ST","Generalist"
"Chloroflexales bacterium (no genus in NCBI)",0.0584520536710992,"ST","Specialist"
"Cytophagales bacterium (no genus in NCBI)",0.207155750848121,"ST","Intermediate"
"Unclassified Mycoplasmatota",0.029217439698005,"ST","Specialist"
"Alphaproteobacteria bacterium (no genus in NCBI)",0.380796219622391,"ST","Intermediate"
"Desulfobacterales bacterium (no genus in NCBI)",0.45500027791564,"ST","Intermediate"
"Ferrimonas",0.0233957755249441,"ST","Specialist"
"Gammaproteobacteria bacterium (no genus in NCBI)",0.497045096743251,"ST","Generalist"
"Unclassified Woeseiaceae",0.183669264344791,"ST","Intermediate"
"Unclassified Bacteroidales",0.325830915885422,"ST","Intermediate"
"Unclassified Deltaproteobacteria",0.375713521422919,"ST","Intermediate"
"Unclassified Alteromonadales",0.509781195296896,"ST","Generalist"
"Unclassified Verrucomicrobiota",0.456679264221867,"ST","Intermediate"
"Unclassified Cyanobacteriota",0.182389352085643,"ST","Intermediate"
"Nitrospira",0.0473712834140185,"ST","Specialist"
"Unclassified Alteromonadaceae",0.166991577862652,"ST","Intermediate"
"Unclassified Chlorobiaceae",0.0146697901566257,"ST","Specialist"
"Unclassified Rhodospirillaceae",0.505281681062739,"ST","Generalist"
"Woeseiaceae bacterium (no genus in NCBI)",0.1491459328921,"ST","Intermediate"
"Unclassified Rickettsiaceae",0.509620024301538,"ST","Generalist"
"Unclassified Cellvibrionaceae",0.176255759983705,"ST","Intermediate"
"Escherichia",0.333946166649333,"ST","Intermediate"
"Unclassified Betaproteobacteria",0.487272407743067,"ST","Generalist"
"Unclassified Chlamydiia",0.478414535733928,"ST","Generalist"
"Unclassified Prolixibacteraceae",0.00347318141924858,"ST","Specialist"
"Acinetobacter",0.276109864875977,"ST","Intermediate"
"Photobacterium",0.622106865380212,"ST","Generalist"
"Unclassified Thermoanaerobaculia",0.272977818523893,"ST","Intermediate"
"Hoeflea",0.202522892217712,"ST","Intermediate"
"Unclassified Saprospiraceae",0.129516883646351,"ST","Intermediate"
"Gemmatimonadota bacterium (no genus in NCBI)",0.227735214126918,"ST","Intermediate"
"Unclassified Enterobacterales",0.6500479930926,"ST","Generalist"
"Unclassified Rickettsiales",0.399441945293739,"ST","Intermediate"
"Unclassified Paracoccaceae",0.341112034858902,"ST","Intermediate"
"Unclassified Actinomycetota",0.591043601294941,"ST","Generalist"
"Unclassified Chromatiales",0.102428841839976,"ST","Specialist"
"Unclassified Gemmatimonadota",0.331812007556386,"ST","Intermediate"
"Candidatus Omnitrophota bacterium (no genus in NCBI)",0.3773955487664,"ST","Intermediate"
"Unclassified Saprospirales",0.197636298184269,"ST","Intermediate"
"Unclassified Thermodesulfobacteriota",0.604832583620688,"ST","Generalist"
"Unclassified Vibrionaceae",0.670085956900137,"ST","Generalist"
"Unclassified Oceanospirillaceae",0.34488691761734,"ST","Intermediate"
"Sessilibacter",0.594022617234659,"ST","Generalist"
"Acidimicrobiaceae bacterium (no genus in NCBI)",0.122052840796847,"ST","Intermediate"
"Unclassified Enterobacteriaceae",0.511745675665781,"ST","Generalist"
"Unclassified Cyanophyceae",0.55391141796638,"ST","Generalist"
"Unclassified Pseudomonadaceae",0.659700590048915,"ST","Generalist"
"Unclassified Phycisphaerae",0.436805559065144,"ST","Intermediate"
"Klebsiella",0.347564373845714,"ST","Intermediate"
"Unclassified Flavobacteriia",0.489571168230828,"ST","Generalist"
"Unclassified Campylobacterales",0.501681732516467,"ST","Generalist"
"Unclassified Marinilabiliales",0.234927815449191,"ST","Intermediate"
"Unclassified Marinifilaceae",0.345264896120039,"ST","Intermediate"
"Streptococcus",0.00758818618764665,"ST","Specialist"
"Unclassified Stappiaceae",0.187108645374061,"ST","Intermediate"
"Acidobacteriota bacterium (no genus in NCBI)",0.412123433445993,"ST","Intermediate"
"Unclassified Bacillota",0.378210935238719,"ST","Intermediate"
"Parendozoicomonas",0.704006475666501,"ST","Generalist"
"Unclassified Spirochaetia",0.363698789129444,"ST","Intermediate"
"Unclassified Chlorobiales",0.0478120251288802,"ST","Specialist"
"Unclassified Candidatus Poribacteria",0.326895058024275,"ST","Intermediate"
"Unclassified Desulfobulbaceae",0.0212041299888027,"ST","Specialist"
"Candidatus Poribacteria bacterium (no genus in NCBI)",0.0862184474731747,"ST","Specialist"
"Ruegeria",0.56234633646011,"ST","Generalist"
"Allomuricauda",0.513232531439154,"ST","Generalist"
"Unclassified Roseobacteraceae",0.523417541884412,"ST","Generalist"
"Unclassified Planctomycetota",0.346149080646877,"ST","Intermediate"
"Sansalvadorimonas",0.64158272890304,"ST","Generalist"
"Unclassified Chloroflexota",0.523789082508006,"ST","Generalist"
"Unclassified Spirochaetota",0.270513307835617,"ST","Intermediate"
"Unclassified Thiotrichaceae",0.391286275338948,"ST","Intermediate"
"Unclassified Flavobacteriales",0.552856175873431,"ST","Generalist"
"Chlorobiales bacterium (no genus in NCBI)",0.060097237822102,"ST","Specialist"
"Unclassified Bacteroidia",0.302222516810812,"ST","Intermediate"
"Marinifilum",0.607892221080655,"ST","Generalist"
"Unclassified Pseudomonadales",0.496128485470711,"ST","Generalist"
"Unclassified Pseudanabaenaceae",0.4195406265094,"ST","Intermediate"
"Unclassified Schleiferiaceae",0.621608876759194,"ST","Generalist"
"Pseudomonadota bacterium (no genus in NCBI)",0.458731035397912,"ST","Intermediate"
"Amphritea",0.29975039374147,"ST","Intermediate"
"Unclassified Desulfobacterales",0.64684939883816,"ST","Generalist"
"Unclassified Rhodospirillales",0.366697923255773,"ST","Intermediate"
"Chlamydia",0.356592877296341,"ST","Intermediate"
"Unclassified Arcobacteraceae",0.466441633931295,"ST","Generalist"
"Unclassified Rhodobacterales",0.520297126797443,"ST","Generalist"
"Vibrio",0.877406361895343,"ST","Generalist"
"Unclassified Acidobacteriota",0.388065406938711,"ST","Intermediate"
"Unclassified Candidatus Omnitrophota",0.428825340875656,"ST","Intermediate"
"Unclassified Flavobacteriaceae",0.54035706511521,"ST","Generalist"
"Unclassified Clostridia",0.655416667764071,"ST","Generalist"
"Unclassified Desulfovibrionales",0.566991336352002,"ST","Generalist"
"Enterobacter",0.368814297891477,"ST","Intermediate"
"Unclassified Bacteroidota",0.485795518955977,"ST","Generalist"
"Desulfovibrionales bacterium (no genus in NCBI)",0.513396990229047,"ST","Generalist"
"Unclassified Endozoicomonadaceae",0.650094461872688,"ST","Generalist"
"Endozoicomonas",0.685417845693204,"ST","Generalist"
"Prolixibacteraceae bacterium (no genus in NCBI)",0.00124854232290648,"ST","Specialist"
"Unclassified Cohaesibacteraceae",0.567300155204823,"ST","Generalist"
"Phycisphaerales bacterium (no genus in NCBI)",0.564650571363667,"ST","Generalist"
"Unclassified Hyphomicrobiales",0.574537160581797,"ST","Generalist"
"Unclassified Phycisphaerales",0.640883151723406,"ST","Generalist"
"Unclassified Alphaproteobacteria",0.621746651956042,"ST","Generalist"
"Lutimaribacter",0.604312734303572,"ST","Generalist"
"Spirochaetales bacterium (no genus in NCBI)",0.531789830763073,"ST","Generalist"
"Cohaesibacter",0.445769111843698,"ST","Intermediate"
"Unclassified Spirochaetales",0.565236034378926,"ST","Generalist"
"Unclassified Pseudomonadota",0.889646692356391,"ST","Generalist"
"Unclassified Oceanospirillales",0.620072909605317,"ST","Generalist"
"Unclassified Gammaproteobacteria",0.647907784285113,"ST","Generalist"
"Unclassified Bacteria",0.638395270518416,"ST","Generalist"
